core_number,data_load,data_wrangle,rows,cols,filesize
1.0,122.58399999999983,8.143000000000029,20000001.0,5.0,946.0805625915527
