core_number,data_load,data_wrangle,rows,cols,filesize
1.0,293.94000000000005,16.608000000000175,60000001.0,5.0,3097.4457302093506
