core_number,data_load,data_wrangle,rows,cols,filesize
1.0,42.93399999999997,3.615000000000009,5000001.0,5.0,273.53356170654297
