core_number,data_load,data_wrangle,rows,cols,filesize
1.0,205.96900000000005,12.559999999999945,40000001.0,5.0,1969.4962701797485
