core_number,data_load,data_wrangle,rows,cols,filesize
1.0,162.05700000000002,10.445999999999913,30000001.0,5.0,1391.7778816223145
