core_number,data_load,data_wrangle,rows,cols,filesize
1.0,349.65500000000003,20.20999999999998,70000001.0,5.0,3601.0928888320923
