core_number,data_load,data_wrangle,rows,cols,filesize
1.0,71.5150000000001,4.967000000000098,10000001.0,5.0,500.8695459365845
