core_number,data_load,data_wrangle,rows,cols,filesize
1.0,256.605,14.507000000000062,50000001.0,5.0,2528.689781188965
