core_number,data_load,data_wrangle,rows,cols,filesize
2.0,124.57799999999997,6.953000000000429,40000001.0,5.0,1969.4962701797485
