core_number,data_load,data_wrangle,rows,cols,filesize
2.0,152.31899999999996,9.210000000000036,50000001.0,5.0,2528.689781188965
