core_number,data_load,data_wrangle,rows,cols,filesize
2.0,74.75500000000011,5.132000000000062,20000001.0,5.0,946.0805625915527
