core_number,data_load,data_wrangle,rows,cols,filesize
2.0,31.938999999999965,3.2369999999999663,5000001.0,5.0,273.53356170654297
