core_number,data_load,data_wrangle,rows,cols,filesize
2.0,99.08899999999994,5.753999999999905,30000001.0,5.0,1391.7778816223145
