core_number,data_load,data_wrangle,rows,cols,filesize
2.0,45.75,3.632000000000062,10000001.0,5.0,500.8695459365845
