core_number,data_load,data_wrangle,rows,cols,filesize
3.0,112.37099999999998,9.0460000000000491,50000001.0,5.0,2528.689781188965
