core_number,data_load,data_wrangle,rows,cols,filesize
3.0,93.98700000000002,5.842000000000013,40000001.0,5.0,1969.4962701797485
