core_number,data_load,data_wrangle,rows,cols,filesize
3.0,28.371999999999957,2.724999999999909,5000001.0,5.0,273.53356170654297
