core_number,data_load,data_wrangle,rows,cols,filesize
3.0,58.87799999999993,4.185999999999922,20000001.0,5.0,946.0805625915527
