core_number,data_load,data_wrangle,rows,cols,filesize
3.0,74.88400000000001,5.657000000000153,30000001.0,5.0,1391.7778816223145
