core_number,data_load,data_wrangle,rows,cols,filesize
3.0,40.923,3.5800000000001546,10000001.0,5.0,500.8695459365845
