core_number,data_load,data_wrangle,rows,cols,filesize
3.0,119.40500000000003,7.024999999999977,60000001.0,5.0,3097.4457302093506
