core_number,data_load,data_wrangle,rows,cols,filesize
4.0,35.307000000000016,3.7180000000000746,10000001.0,5.0,500.8695459365845
