core_number,data_load,data_wrangle,rows,cols,filesize
4.0,93.28200000000001,7.004000000000019,50000001.0,5.0,2528.689781188965
