core_number,data_load,data_wrangle,rows,cols,filesize
4.0,76.887,6.279000000000025,40000001.0,5.0,1969.4962701797485
