core_number,data_load,data_wrangle,rows,cols,filesize
4.0,99.59100000000001,6.449999999999989,60000001.0,5.0,3097.4457302093506
