core_number,data_load,data_wrangle,rows,cols,filesize
4.0,28.369000000000028,2.4750000000000227,5000001.0,5.0,273.53356170654297
