core_number,data_load,data_wrangle,rows,cols,filesize
4.0,50.315999999999804,4.249000000000024,20000001.0,5.0,946.0805625915527
