core_number,data_load,data_wrangle,rows,cols,filesize
4.0,64.3409999999999,4.713999999999942,30000001.0,5.0,1391.7778816223145
