category,data_load,data_wrangle,rows,cols,filesize
spark_in_memory,66.809,5.52700000000004,35000001,5,1643.9960622787476
spark_not_cached,27.8,33.619,35000001,5,1643.9960622787476
local_R,108.417,1.97499999999991,35000001,5,1643.9960622787476
