category,data_load,data_wrangle,rows,cols,filesize
spark_in_memory,48.315,3.77800000000002,20000001,5,946.0805625915527
spark_not_cached,24.312,19.322,20000001,5,946.0805625915527
local_R,57.667,1.11099999999999,20000001,5,946.0805625915527
