category,data_load,data_wrangle,rows,cols,filesize
spark_in_memory,27.509,3.24699999999999,5000001,5,273.53356170654297
spark_not_cached,19.767,8.17099999999999,5000001,5,273.53356170654297
local_R,13.158,0.265000000000015,5000001,5,273.53356170654297
