category,data_load,data_wrangle,rows,cols,filesize
spark_in_memory,105.228,7.32000000000005,70000001,5,3601.0928888320923
spark_not_cached,36.584,68.4810000000001,70000001,5,3601.0928888320923
local_R,219.568,3.1930000000001,70000001,5,3601.0928888320923
