category,data_load,data_wrangle,rows,cols,filesize
spark_in_memory,59.4780000000001,4.84699999999998,30000001,5,1391.7778816223145
spark_not_cached,26.0909999999999,29.955,30000001,5,1391.7778816223145
local_R,93.08,1.74299999999994,30000001,5,1391.7778816223145
