category,data_load,data_wrangle,rows,cols,filesize
spark_in_memory,32.827,3.334,10000001,5,500.8695459365845
spark_not_cached,21.027,11.387,10000001,5,500.8695459365845
local_R,29.835,0.469999999999999,10000001,5,500.8695459365845
