category,data_load,data_wrangle,rows,cols,filesize
spark_in_memory,119.152,8.50800000000004,80000001,5,4175.262512207031
spark_not_cached,40.4340000000001,79.557,80000001,5,4175.262512207031
local_R,255.296,3.74300000000017,80000001,5,4175.262512207031
