category,data_load,data_wrangle,rows,cols,filesize
spark_in_memory,93.885,6.60599999999999,60000001,5,3097.4457302093506
spark_not_cached,34.881,50.62,60000001,5,3097.4457302093506
local_R,189.723,2.81200000000001,60000001,5,3097.4457302093506
