category,data_load,data_wrangle,rows,cols,filesize
spark_in_memory,39.524,4.20400000000001,15000001,5,723.4786291122437
spark_not_cached,22.361,15.077,15000001,5,723.4786291122437
local_R,45.882,0.783999999999992,15000001,5,723.4786291122437
