category,data_load,data_wrangle,rows,cols,filesize
spark_in_memory,78.1190000000001,5.64800000000014,45000001,5,2278.0594987869263
spark_not_cached,30.7440000000001,46.1099999999999,45000001,5,2278.0594987869263
local_R,150.875,2.4670000000001,45000001,5,2278.0594987869263
