category,data_load,data_wrangle,rows,cols,filesize
spark_in_memory,53.331,4.62400000000002,25000001,5,1168.9247484207153
spark_not_cached,25.4269999999999,28.014,25000001,5,1168.9247484207153
local_R,79.7719999999999,1.423,25000001,5,1168.9247484207153
