category,data_load,data_wrangle,rows,cols,filesize
spark_in_memory,94.323,7.91500000000008,55000001,5,2804.8077335357666
spark_not_cached,31.823,52.063,55000001,5,2804.8077335357666
local_R,177.743,2.66800000000001,55000001,5,2804.8077335357666
