category,data_load,data_wrangle,rows,cols,filesize
spark_in_memory,73.9350000000002,6.22700000000009,40000001,5,1969.4962701797485
spark_not_cached,29.107,40.6900000000001,40000001,5,1969.4962701797485
local_R,126.831,2.19699999999989,40000001,5,1969.4962701797485
